<?xml version="1.0" encoding="UTF-8" standalone="yes"?>
<addon id="repository.premiumize" version="1.0.0" name="Premiumize.me Addon repository" provider-name="Premiumize.me">
	
	<extension point="xbmc.addon.repository" name="Premiumize.me Addon repository">
		<info compressed="false">http://kodirepo.premiumize.me/Plugins/addons.xml</info>
		<checksum>http://kodirepo.premiumize.me/Plugins/addons.xml.md5</checksum>
		<datadir zip="true">http://kodirepo.premiumize.me/Plugins/</datadir>
	</extension>
	<extension point="xbmc.addon.metadata">
		<summary lang="en">Repository for the Premiumize.me Kodi repository and Premiumize.me Kodi addons</summary>
		<description lang="en">Repository for the Premiumize.me Kodi repository and Premiumize.me Kodi addons</description>
		<platform>all</platform>
	</extension>
</addon>