<?xml version="1.0" encoding="UTF-8"?>
<addon id="repository.thehell" name="THEHELL Addon Repo" version="0.0.14" provider-name="thehell">
	<requires>
		<import addon="xbmc.addon" version="12.0.0"/>
	</requires>
	<extension point="xbmc.addon.repository" name="THEHELL Addon Repo">
		<dir>
			<info compressed="false">https://raw.githubusercontent.com/rvermaat/thehell/master/repo/addons.xml</info>
			<checksum>https://raw.githubusercontent.com/rvermaat/thehell/master/repo/addons.md5</checksum>
			<datadir zip="true">https://raw.githubusercontent.com/rvermaat/thehell/master/repo/zips/</datadir>
		</dir>
	</extension>
	<extension point="xbmc.addon.metadata">
		<summary>THEHELL Addon Repo</summary>
		<description>THEHELL Addon Repo</description>
		<platform>all</platform>
	</extension>
</addon>
