<?xml version="1.0" encoding="UTF-8" standalone="yes"?>
<addon id="repository.zt" name="[COLORred]Z[/COLOR] [COLORwhite]T[/COLOR] Repository" version="5.5.1" provider-name="Team ZT">
		<extension point="xbmc.addon.repository" name="Bla Bla Repository">
	<dir>
	<info compressed="false">https://raw.githubusercontent.com/totalrevolution/python-koding/master/zips/addons.xml</info>
      <checksum>https://raw.githubusercontent.com/totalrevolution/python-koding/master/zips/addons.xml.md5</checksum>
      <datadir zip="true">https://raw.githubusercontent.com/totalrevolution/python-koding/master/zips/</datadir>
    </dir>
		</extension>
		<extension point="xbmc.addon.metadata">
			<summary></summary>
			<description></description>
			<platform>all</platform>
		</extension>
</addon>