<?xml version="1.0" encoding="UTF-8"?>
<addon id="repository.thehell" name="THEHELL Addon Repo" version="0.0.11" provider-name="thehell">
	<requires>
		<import addon="xbmc.addon" version="12.0.0"/>
	</requires>
	<extension point="xbmc.addon.repository" name="THEHELL Addon Repo">
		<!-- ***** MARCELVELDT REPO ***** -->
		<dir>
			<info compressed="false">https://raw.githubusercontent.com/marcelveldt/repository.marcelveldt/master/addons.xml</info>
			<checksum>https://raw.githubusercontent.com/marcelveldt/repository.marcelveldt/master/addons.xml.md5</checksum>
			<datadir zip="true">https://raw.githubusercontent.com/marcelveldt/repository.marcelveldt/master/</datadir>
		</dir>

		<!-- ***** TVA URL RESOLVER REPO ***** -->
		<dir>
			<info compressed="false">https://github.com/tvaddonsco/tva-resolvers-repo/raw/master/addons.xml</info>
			<checksum>https://github.com/tvaddonsco/tva-resolvers-repo/raw/master/addons.xml.md5</checksum>
			<datadir zip="true">https://github.com/tvaddonsco/tva-resolvers-repo/raw/master/zips/</datadir>
		</dir>

		<!-- ***** JSERGIO RESOLVE URL REPO ***** -->
		<dir>
			<info compressed="false">https://raw.githubusercontent.com/jsergio123/zips/master/addons.xml</info>
			<checksum>https://raw.githubusercontent.com/jsergio123/zips/master/addons.xml.md5</checksum>
			<datadir zip="true">https://raw.githubusercontent.com/jsergio123/zips/master/</datadir>
		</dir>

		<!-- ***** NOOBSANDNERDS MODULES REPO ***** -->
		<dir>
			<info compressed="false">https://raw.githubusercontent.com/noobsandnerds/modules4all/master/zips/addons.xml</info>
			<checksum>https://raw.githubusercontent.com/noobsandnerds/modules4all/master/zips/addons.xml.md5</checksum>
			<datadir zip="true">https://raw.githubusercontent.com/noobsandnerds/modules4all/master/zips/</datadir>
		</dir>

		<!-- ***** BLAMO REPO ***** -->
		<dir>
			<info compressed="false">https://raw.githubusercontent.com/teverz/blamo/master/zips/addons.xml</info>
			<checksum>https://raw.githubusercontent.com/teverz/blamo/master/zips/addons.xml.md5</checksum>
			<datadir zip="true">https://raw.githubusercontent.com/teverz/blamo/master/zips/</datadir>		
		</dir>

		<!-- ***** INCURSION REPO ***** -->
		<dir>
			<info compressed="false">https://raw.githubusercontent.com/nixgates/Incursion/master/addons.xml</info>
			<checksum>https://raw.githubusercontent.com/nixgates/Incursion/master/addons.xml.md5</checksum>
			<datadir zip="true">https://raw.githubusercontent.com/nixgates/Incursion/master/repo</datadir>
		</dir>

		<!-- ***** STREAMHUB REPO ***** -->
		<dir>
			<info compressed="false">https://raw.githubusercontent.com/sClarkeIsBack/StreamHub/master/Repo_Files/addons.xml</info>
			<checksum>https://raw.githubusercontent.com/sClarkeIsBack/StreamHub/master/Repo_Files/addons.xml.md5</checksum>
			<datadir zip="true">https://raw.githubusercontent.com/sClarkeIsBack/StreamHub/master/Repo_Files/Zips</datadir>
		</dir>

		<!-- ***** ZERO TOLERANCE REPO ***** -->
		<dir>
			<info compressed="false">http://repo.zerotolerance.gq/addons.xml</info>
			<checksum>http://repo.zerotolerance.gq/addonsmd5.txt</checksum>
			<datadir zip="true">http://repo.zerotolerance.gq/addons/</datadir>
		</dir>

		<!-- ***** THE LOOKING GLASS REPO ***** -->
		<dir>
			<info compressed="false">http://www.lookingglass.rocks/zips/addons.xml</info>
			<checksum>http://www.lookingglass.rocks/zips/addons.xml.md5</checksum>
			<datadir zip="true">http://www.lookingglass.rocks/zips/</datadir>
		</dir>

		<!-- ***** FRENCHDJ REPO ***** -->
		<dir>
			<info compressed="false">http://raw.githubusercontent.com/frenchdj/frenchdj.repository/master/addons.xml</info>
			<checksum>http://raw.githubusercontent.com/frenchdj/frenchdj.repository/master/addons.xml.md5</checksum>
			<datadir zip="true">http://raw.githubusercontent.com/frenchdj/frenchdj.repository/master/repo/</datadir>
		</dir>

		<!-- ***** YOUTUBE REPO ***** -->
		<dir>
			<info compressed="false">https://github.com/jdf76/repository/raw/master/addons.xml</info>
			<checksum>https://github.com/jdf76/repository/raw/master/addons.xml.md5</checksum>
			<datadir zip="true">https://github.com/jdf76/repository/raw/master/zips</datadir>
		</dir>

		<!-- ***** MAVERICK REPO ***** -->
		<dir>
			<info compressed="false">http://mavericktv.net/mavrepo/plugins/addons.xml</info>
			<checksum>http://mavericktv.net/mavrepo/plugins/addons.xml.md5</checksum>
			<datadir zip="true">http://mavericktv.net/mavrepo/plugins/</datadir>
		</dir>

		<!-- ***** THEHELL REPO ***** -->
		<dir>
			<info compressed="false">https://raw.githubusercontent.com/rvermaat/thehell/master/repo/addons.xml</info>
			<checksum>https://raw.githubusercontent.com/rvermaat/thehell/master/repo/addons.md5</checksum>
			<datadir zip="true">https://raw.githubusercontent.com/rvermaat/thehell/master/repo/zips/</datadir>
		</dir>
	</extension>
	<extension point="xbmc.addon.metadata">
		<summary>THEHELL Addon Repo</summary>
		<description>THEHELL Addon Repo</description>
		<platform>all</platform>
	</extension>
</addon>