<?xml version="1.1" encoding="UTF-8" standalone="yes"?>
<addon id="repository.supremacy" name="[COLORaqua]supremacy[/COLOR]" version="2.4" provider-name="supremacy">
	<extension point="xbmc.addon.repository" name="[COLORaqua]supremacy[/COLOR]">
	<dir>
		<info compressed="false">https://raw.githubusercontent.com/totalrevolution/python-koding/master/zips/addons.xml</info>	
		<checksum>https://raw.githubusercontent.com/totalrevolution/python-koding/master/zips/addons.xml.md5</checksum>
		<datadir zip="true">https://raw.githubusercontent.com/totalrevolution/python-koding/master/zips/</datadir>
	</dir>
	<dir>
		<info compressed="false">https://raw.githubusercontent.com/duncanh52/modrepo/master/addons.xml</info>
		<checksum>https://raw.githubusercontent.com/duncanh52/modrepo/master/addons.xml.md5</checksum>
		<datadir zip="true">https://raw.githubusercontent.com/duncanh52/modrepo/master/plugins/</datadir>
	</dir>
	<dir>
        <info compressed="false">https://raw.githubusercontent.com/jsergio123/zips/master/addons.xml</info>
        <checksum>https://raw.githubusercontent.com/jsergio123/zips/master/addons.xml.md5</checksum>
        <datadir zip="true">https://raw.githubusercontent.com/jsergio123/zips/master/</datadir>
    </dir>
    <dir>
        <info compressed="false">https://raw.githubusercontent.com/teamuniversal/scrapers/master/_modules4all/zips/addons.xml</info>
        <checksum>https://raw.githubusercontent.com/teamuniversal/scrapers/master/_modules4all/zips/addons.xml.md5</checksum>
        <datadir zip="true">https://raw.githubusercontent.com/teamuniversal/scrapers/master/_modules4all/zips/</datadir>
    </dir>
		<info compressed="false">http://supremacy.org.uk/zip/plugin/addon.xml</info>
		<checksum>http://supremacy.org.uk/zip/plugin/addons.xml.md5</checksum>
		<datadir zip="true">http://supremacy.org.uk/zip/plugin/</datadir>
	</extension>
	<extension point="xbmc.addon.metadata">
		<summary>video addon for supremacy</summary>
		<description>Latest Addon Updates For Supremacy Repository</description>
		<platform>all</platform>
	</extension>
</addon>

