<?xml version="1.0" encoding="UTF-8"?>
    <addon id="repository.blamo" name="[COLOR red]Blamo Repo[/COLOR]" version="0.0.8" provider-name="Mr. Blamo">
        <requires>
            <import addon="xbmc.addon" version="12.0.0"/>
        </requires>
        <extension point="xbmc.addon.repository" name="[COLOR red]Blamo Repo[/COLOR]">
            <info compressed="false">https://gitlab.com/MrBlamo/Mr_Blamo_Repo/raw/master/_zips/addons.xml</info>
            <checksum>https://gitlab.com/MrBlamo/Mr_Blamo_Repo/raw/master/_zips/addons.xml.md5</checksum>
            <datadir zip="true">https://gitlab.com/MrBlamo/Mr_Blamo_Repo/raw/master/_zips/</datadir>
            <hashes>false</hashes>
            <dir>
                <info compressed="false">https://gitlab.com/TeamUniversal/modules4all/raw/master/addons.xml</info>
                <checksum>https://gitlab.com/TeamUniversal/modules4all/raw/master/addons.xml.md5</checksum>
                <datadir zip="true">https://gitlab.com/TeamUniversal/modules4all/raw/master/</datadir>
            </dir>
		<dir>
			<info compressed="false">https://raw.githubusercontent.com/marcelveldt/repository.marcelveldt/master/addons.xml</info>
			<checksum>https://raw.githubusercontent.com/marcelveldt/repository.marcelveldt/master/addons.xml.md5</checksum>
			<datadir zip="true">https://raw.githubusercontent.com/marcelveldt/repository.marcelveldt/master/</datadir>
		</dir>
            <dir>
                <info compressed="false">https://raw.githubusercontent.com/jsergio123/zips/master/addons.xml</info>
                <checksum>https://raw.githubusercontent.com/jsergio123/zips/master/addons.xml.md5</checksum>
                <datadir zip="true">https://raw.githubusercontent.com/jsergio123/zips/master/</datadir>
            </dir>
            <dir>
                <info compressed="false">https://raw.githubusercontent.com/totalrevolution/python-koding/master/zips/addons.xml</info>
                <checksum>https://raw.githubusercontent.com/totalrevolution/python-koding/master/zips/addons.xml.md5</checksum>
                <datadir zip="true">https://raw.githubusercontent.com/totalrevolution/python-koding/master/zips/</datadir>
            </dir>
        </extension>
        <extension point="xbmc.addon.metadata">
            <summary>The Official Repo for Mr. Blamo</summary>
            <description>The Official Repo for Mr. Blamo</description>
            <platform>all</platform>
            <genre>movies,usa</genre>
    </extension>
</addon>