<settings>
    <locale>
        <audiolanguage default="true">original</audiolanguage>
        <charset default="true">DEFAULT</charset>
        <country>Central Europe</country>
        <keyboardlayouts default="true">English QWERTY</keyboardlayouts>
        <language default="true">resource.language.en_gb</language>
        <longdateformat default="true">regional</longdateformat>
        <shortdateformat default="true">regional</shortdateformat>
        <speedunit default="true">regional</speedunit>
        <subtitlelanguage default="true">original</subtitlelanguage>
        <temperatureunit default="true">regional</temperatureunit>
        <timeformat default="true">regional</timeformat>
        <timezone default="true">default</timezone>
        <timezonecountry default="true">default</timezonecountry>
        <use24hourclock default="true">regional</use24hourclock>
    </locale>
    <lookandfeel>
        <enablerssfeeds default="true">false</enablerssfeeds>
        <font default="true">Default</font>
        <rssedit default="true"></rssedit>
        <skin>skin.eminence.2</skin>
        <skincolors default="true">SKINDEFAULT</skincolors>
        <skintheme default="true">SKINDEFAULT</skintheme>
        <skinzoom default="true">0</skinzoom>
        <soundskin default="true">resource.uisounds.kodi</soundskin>
        <startupwindow default="true">10000</startupwindow>
        <stereostrength default="true">5</stereostrength>
    </lookandfeel>
</settings>
